{
	"member": [
		{
			"kind": "member",
			"type": "HTMLDivElement",
			"name": "container",
			"memberof": "egret3d.framework.Application",
			"scope": "instance"
		},
		{
			"kind": "member",
			"type": "number",
			"name": "curcameraindex",
			"memberof": "egret3d.framework.Application",
			"scope": "instance",
			"default": "-1"
		},
		{
			"kind": "member",
			"type": "number",
			"name": "height",
			"memberof": "egret3d.framework.Application",
			"scope": "instance",
			"description": "绘制区域高度 像素单位",
			"version": "egret3d 1.0"
		},
		{
			"kind": "member",
			"type": "boolean",
			"name": "limitFrame",
			"memberof": "egret3d.framework.Application",
			"scope": "instance",
			"default": "true"
		},
		{
			"kind": "member",
			"type": "egret3d.framework.INotify",
			"name": "notify",
			"memberof": "egret3d.framework.Application",
			"scope": "instance"
		},
		{
			"kind": "member",
			"type": "Stats.Stats",
			"name": "stats",
			"memberof": "egret3d.framework.Application",
			"scope": "instance"
		},
		{
			"kind": "member",
			"type": "number",
			"name": "targetFrame",
			"memberof": "egret3d.framework.Application",
			"scope": "instance",
			"description": "设置固定帧数 不设置即为不限制帧数",
			"version": "egret3d 1.0"
		},
		{
			"kind": "member",
			"type": "number",
			"name": "timeScale",
			"memberof": "egret3d.framework.Application",
			"scope": "instance",
			"description": "设置timescale",
			"version": "egret3d 1.0"
		},
		{
			"kind": "member",
			"type": "WebGLRenderingContext",
			"name": "webgl",
			"memberof": "egret3d.framework.Application",
			"scope": "instance",
			"description": "全局webgl实例",
			"version": "egret3d 1.0"
		},
		{
			"kind": "member",
			"type": "number",
			"name": "width",
			"memberof": "egret3d.framework.Application",
			"scope": "instance",
			"description": "绘制区域宽度 像素单位",
			"version": "egret3d 1.0"
		}
	],
	"function": [
		{
			"kind": "function",
			"name": "addEditorCode",
			"memberof": "egret3d.framework.Application",
			"scope": "instance",
			"description": "根据classname添加editorcode",
			"version": "egret3d 1.0",
			"params": [
				{
					"name": "classname",
					"type": "string",
					"description": "editorcode类名"
				}
			]
		},
		{
			"kind": "function",
			"name": "addEditorCodeDirect",
			"memberof": "egret3d.framework.Application",
			"scope": "instance",
			"description": "直接添加editorcode实例",
			"version": "egret3d 1.0",
			"params": [
				{
					"name": "program",
					"type": "egret3d.framework.IEditorCode",
					"description": "editorcode实例"
				}
			]
		},
		{
			"kind": "function",
			"name": "addUserCode",
			"memberof": "egret3d.framework.Application",
			"scope": "instance",
			"description": "根据classname添加usercode",
			"version": "egret3d 1.0",
			"params": [
				{
					"name": "classname",
					"type": "string",
					"description": "usercode类名"
				}
			]
		},
		{
			"kind": "function",
			"name": "addUserCodeDirect",
			"memberof": "egret3d.framework.Application",
			"scope": "instance",
			"description": "直接添加usercode实例",
			"version": "egret3d 1.0",
			"params": [
				{
					"name": "program",
					"type": "egret3d.framework.IUserCode",
					"description": "usercode实例"
				}
			]
		},
		{
			"kind": "function",
			"name": "closeFps",
			"memberof": "egret3d.framework.Application",
			"scope": "instance",
			"description": "关闭性能参数面板",
			"version": "egret3d 1.0"
		},
		{
			"kind": "function",
			"name": "getAssetMgr",
			"memberof": "egret3d.framework.Application",
			"scope": "instance",
			"description": "获取资源管理器实例",
			"version": "egret3d 1.0"
		},
		{
			"kind": "function",
			"name": "getInputMgr",
			"memberof": "egret3d.framework.Application",
			"scope": "instance",
			"description": "获取输入管理器实例",
			"version": "egret3d 1.0"
		},
		{
			"kind": "function",
			"type": "egret3d.framework.Scene",
			"name": "getScene",
			"memberof": "egret3d.framework.Application",
			"scope": "instance",
			"description": "获取场景实例",
			"version": "egret3d 1.0"
		},
		{
			"kind": "function",
			"name": "markNotify",
			"memberof": "egret3d.framework.Application",
			"scope": "instance",
			"params": [
				{
					"name": "trans",
					"type": "any",
					"description": ""
				},
				{
					"name": "type",
					"type": "egret3d.framework.NotifyType",
					"description": ""
				}
			]
		},
		{
			"kind": "function",
			"name": "showFps",
			"memberof": "egret3d.framework.Application",
			"scope": "instance",
			"description": "显示性能参数面板",
			"version": "egret3d 1.0"
		},
		{
			"kind": "function",
			"name": "start",
			"memberof": "egret3d.framework.Application",
			"scope": "instance",
			"description": "引擎的启动方法",
			"version": "egret3d 1.0",
			"params": [
				{
					"name": "div",
					"type": "HTMLDivElement",
					"description": "绘制区域的dom"
				}
			]
		}
	],
	"globalMember": [],
	"globalFunction": [],
	"class": {
		"kind": "class",
		"name": "Application",
		"memberof": "egret3d.framework",
		"filename": "framework\\application.ts",
		"description": "引擎的主入口",
		"version": "egret3d 1.0"
	}
}