{
	"member": [
		{
			"kind": "member",
			"type": "egret3d.framework.UVSpeedNode",
			"name": "uvSpeed",
			"memberof": "egret3d.framework.UVRoll",
			"scope": "instance",
			"description": "uv滚动"
		},
		{
			"kind": "member",
			"type": "Array<egret3d.framework.UVSpeedNode>",
			"name": "uvSpeedNodes",
			"memberof": "egret3d.framework.UVRoll",
			"scope": "instance"
		}
	],
	"function": [
		{
			"kind": "function",
			"name": "clone",
			"memberof": "egret3d.framework.UVRoll",
			"scope": "instance"
		}
	],
	"globalMember": [],
	"globalFunction": [],
	"class": {
		"kind": "class",
		"name": "UVRoll",
		"memberof": "egret3d.framework",
		"filename": "framework\\particle\\data\\particlealldata.ts"
	}
}