{
	"member": [
		{
			"kind": "member",
			"type": "number",
			"name": "Center",
			"memberof": "egret3d.framework.HorizontalType",
			"scope": "static",
			"default": "0"
		},
		{
			"kind": "member",
			"type": "number",
			"name": "Left",
			"memberof": "egret3d.framework.HorizontalType",
			"scope": "static",
			"default": "1"
		},
		{
			"kind": "member",
			"type": "number",
			"name": "Right",
			"memberof": "egret3d.framework.HorizontalType",
			"scope": "static",
			"default": "2"
		}
	],
	"function": [],
	"globalMember": [],
	"globalFunction": [],
	"class": {
		"kind": "enum",
		"name": "HorizontalType",
		"memberof": "egret3d.framework",
		"filename": "framework\\2d\\component\\label.ts",
		"description": "横向显示方式",
		"version": "egret3d 1.0"
	}
}