{
	"member": [
		{
			"kind": "member",
			"type": "egret3d.framework.GameObject",
			"name": "gameObject",
			"memberof": "egret3d.framework.MeshFilter",
			"scope": "instance",
			"description": "挂载的gameobject",
			"version": "egret3d 1.0"
		},
		{
			"kind": "member",
			"name": "mesh",
			"memberof": "egret3d.framework.MeshFilter",
			"scope": "instance",
			"description": "设置mesh数据",
			"version": "egret3d 1.0"
		}
	],
	"function": [
		{
			"kind": "function",
			"name": "getMeshOutput",
			"memberof": "egret3d.framework.MeshFilter",
			"scope": "instance",
			"description": "返回mesh数据",
			"version": "egret3d 1.0"
		},
		{
			"kind": "function",
			"name": "start",
			"memberof": "egret3d.framework.MeshFilter",
			"scope": "instance"
		},
		{
			"kind": "function",
			"name": "update",
			"memberof": "egret3d.framework.MeshFilter",
			"scope": "instance",
			"params": [
				{
					"name": "delta",
					"type": "number",
					"description": ""
				}
			]
		}
	],
	"globalMember": [],
	"globalFunction": [],
	"class": {
		"kind": "class",
		"name": "MeshFilter",
		"memberof": "egret3d.framework",
		"filename": "framework\\component\\meshfilter.ts",
		"description": "mesh组件",
		"version": "egret3d 1.0",
		"implements": [
			{
				"name": "egret3d.framework.INodeComponent"
			}
		]
	}
}