{
	"member": [
		{
			"kind": "member",
			"type": "egret3d.math.Vector3",
			"name": "handle",
			"memberof": "egret3d.framework.TrailNode",
			"scope": "instance"
		},
		{
			"kind": "member",
			"type": "egret3d.math.Vector3",
			"name": "location",
			"memberof": "egret3d.framework.TrailNode",
			"scope": "instance"
		},
		{
			"kind": "member",
			"type": "number",
			"name": "time",
			"memberof": "egret3d.framework.TrailNode",
			"scope": "instance"
		},
		{
			"kind": "member",
			"type": "egret3d.framework.TrailNode[]",
			"name": "trailNodes",
			"memberof": "egret3d.framework.TrailNode",
			"scope": "instance"
		},
		{
			"kind": "member",
			"type": "egret3d.math.Vector3",
			"name": "updir",
			"memberof": "egret3d.framework.TrailNode",
			"scope": "instance"
		}
	],
	"function": [
		{
			"kind": "function",
			"name": "TrailNode",
			"memberof": "egret3d.framework.TrailNode",
			"scope": "instance",
			"params": [
				{
					"name": "p",
					"type": "egret3d.math.Vector3",
					"description": ""
				},
				{
					"name": "updir",
					"type": "egret3d.math.Vector3",
					"description": ""
				},
				{
					"name": "t",
					"type": "number",
					"description": ""
				}
			]
		}
	],
	"globalMember": [],
	"globalFunction": [],
	"class": {
		"kind": "class",
		"name": "TrailNode",
		"memberof": "egret3d.framework",
		"filename": "framework\\component\\trailrender_recorde.ts"
	}
}