{
	"member": [
		{
			"kind": "member",
			"type": "egret3d.math.Color",
			"name": "color",
			"memberof": "egret3d.framework.Label",
			"scope": "instance",
			"description": "填充颜色",
			"version": "egret3d 1.0",
			"default": "new math.Color(1, 1, 1, 1)"
		},
		{
			"kind": "member",
			"type": "egret3d.math.Color",
			"name": "color2",
			"memberof": "egret3d.framework.Label",
			"scope": "instance",
			"description": "描边颜色",
			"version": "egret3d 1.0",
			"default": "new math.Color(0, 0, 0.5, 0.5)"
		},
		{
			"kind": "member",
			"name": "font",
			"memberof": "egret3d.framework.Label",
			"scope": "instance",
			"description": "字体",
			"version": "egret3d 1.0"
		},
		{
			"kind": "member",
			"name": "fontsize",
			"memberof": "egret3d.framework.Label",
			"scope": "instance",
			"description": "字体大小",
			"version": "egret3d 1.0"
		},
		{
			"kind": "member",
			"type": "egret3d.framework.HorizontalType",
			"name": "horizontalType",
			"memberof": "egret3d.framework.Label",
			"scope": "instance",
			"description": "水平排列方式",
			"version": "egret3d 1.0",
			"default": "HorizontalType.Center"
		},
		{
			"kind": "member",
			"type": "number",
			"name": "linespace",
			"memberof": "egret3d.framework.Label",
			"scope": "instance",
			"description": "行高",
			"version": "egret3d 1.0",
			"default": "1"
		},
		{
			"kind": "member",
			"type": "egret3d.framework.Material",
			"name": "mat",
			"memberof": "egret3d.framework.Label",
			"scope": "instance",
			"description": "材质",
			"version": "egret3d 1.0"
		},
		{
			"kind": "member",
			"type": "string",
			"name": "text",
			"memberof": "egret3d.framework.Label",
			"scope": "instance",
			"description": "文字内容",
			"version": "egret3d 1.0"
		},
		{
			"kind": "member",
			"type": "egret3d.framework.Transform2D",
			"name": "transform",
			"memberof": "egret3d.framework.Label",
			"scope": "instance",
			"description": "当前组件的2d节点",
			"version": "egret3d 1.0"
		},
		{
			"kind": "member",
			"type": "egret3d.framework.VerticalType",
			"name": "verticalType",
			"memberof": "egret3d.framework.Label",
			"scope": "instance",
			"description": "垂直排列方式",
			"version": "egret3d 1.0",
			"default": "VerticalType.Center"
		}
	],
	"function": [],
	"globalMember": [],
	"globalFunction": [],
	"class": {
		"kind": "class",
		"name": "Label",
		"memberof": "egret3d.framework",
		"filename": "framework\\2d\\component\\label.ts",
		"description": "2d文本组件",
		"version": "egret3d 1.0",
		"implements": [
			{
				"name": "egret3d.framework.IRectRenderer"
			}
		]
	}
}