{
	"member": [
		{
			"kind": "member",
			"type": "boolean",
			"name": "defaultAsset",
			"memberof": "egret3d.framework.Texture",
			"scope": "instance",
			"description": "是否为默认资源",
			"version": "egret3d 1.0",
			"default": "false"
		},
		{
			"kind": "member",
			"type": "string",
			"name": "realName",
			"memberof": "egret3d.framework.Texture",
			"scope": "instance",
			"description": "如果是imgdesc加载来的图片，通过这个可以获取到真实的图片名字",
			"version": "egret3d 1.0"
		}
	],
	"function": [
		{
			"kind": "function",
			"name": "Texture",
			"memberof": "egret3d.framework.Texture",
			"scope": "instance",
			"params": [
				{
					"name": "assetName",
					"type": "string",
					"default": "null",
					"description": ""
				}
			]
		},
		{
			"kind": "function",
			"type": "number",
			"name": "caclByteLength",
			"memberof": "egret3d.framework.Texture",
			"scope": "instance",
			"description": "计算资源字节大小",
			"version": "egret3d 1.0"
		},
		{
			"kind": "function",
			"name": "dispose",
			"memberof": "egret3d.framework.Texture",
			"scope": "instance",
			"description": "释放资源",
			"version": "egret3d 1.0"
		},
		{
			"kind": "function",
			"type": "number",
			"name": "getGUID",
			"memberof": "egret3d.framework.Texture",
			"scope": "instance",
			"description": "获取资源唯一id",
			"version": "egret3d 1.0"
		},
		{
			"kind": "function",
			"type": "string",
			"name": "getName",
			"memberof": "egret3d.framework.Texture",
			"scope": "instance",
			"description": "获取资源名称",
			"version": "egret3d 1.0"
		},
		{
			"kind": "function",
			"name": "unuse",
			"memberof": "egret3d.framework.Texture",
			"scope": "instance",
			"description": "引用计数减一",
			"version": "egret3d 1.0",
			"params": [
				{
					"name": "disposeNow",
					"type": "boolean",
					"default": "false",
					"description": ""
				}
			]
		},
		{
			"kind": "function",
			"name": "use",
			"memberof": "egret3d.framework.Texture",
			"scope": "instance",
			"description": "引用计数加一",
			"version": "egret3d 1.0"
		}
	],
	"globalMember": [],
	"globalFunction": [],
	"class": {
		"kind": "class",
		"name": "Texture",
		"memberof": "egret3d.framework",
		"filename": "framework\\asset\\resource\\texture.ts",
		"description": "texture资源",
		"version": "egret3d 1.0",
		"implements": [
			{
				"name": "egret3d.framework.IAsset"
			}
		]
	}
}