{
	"member": [
		{
			"kind": "member",
			"type": "egret3d.math.Vector3",
			"name": "center",
			"memberof": "egret3d.framework.Spherecollider",
			"scope": "instance",
			"description": "碰撞球中心点",
			"version": "egret3d 1.0"
		},
		{
			"kind": "member",
			"type": "boolean",
			"name": "colliderVisible",
			"memberof": "egret3d.framework.Spherecollider",
			"scope": "instance",
			"description": "返回碰撞盒可见性",
			"version": "egret3d 1.0"
		},
		{
			"kind": "member",
			"type": "egret3d.framework.GameObject",
			"name": "gameObject",
			"memberof": "egret3d.framework.Spherecollider",
			"scope": "instance",
			"description": "挂载的gameobject",
			"version": "egret3d 1.0"
		},
		{
			"kind": "member",
			"type": "egret3d.math.Matrix",
			"name": "matrix",
			"memberof": "egret3d.framework.Spherecollider",
			"scope": "instance",
			"rwType": 1,
			"description": "获取该碰撞盒物体的世界矩阵",
			"version": "egret3d 1.0"
		},
		{
			"kind": "member",
			"type": "number",
			"name": "radius",
			"memberof": "egret3d.framework.Spherecollider",
			"scope": "instance",
			"description": "碰撞球大小",
			"version": "egret3d 1.0"
		},
		{
			"kind": "member",
			"type": "egret3d.framework.Spherestruct",
			"name": "spherestruct",
			"memberof": "egret3d.framework.Spherecollider",
			"scope": "instance",
			"description": "碰撞球数据",
			"version": "egret3d 1.0"
		},
		{
			"kind": "member",
			"type": "egret3d.framework.Transform",
			"name": "subTran",
			"memberof": "egret3d.framework.Spherecollider",
			"scope": "instance",
			"description": "子transform",
			"version": "egret3d 1.0"
		},
		{
			"kind": "member",
			"type": "egret3d.math.Vector3",
			"name": "worldCenter",
			"memberof": "egret3d.framework.Spherecollider",
			"scope": "instance",
			"rwType": 1,
			"description": "碰撞球中心点",
			"version": "egret3d 1.0"
		}
	],
	"function": [
		{
			"kind": "function",
			"name": "getBound",
			"memberof": "egret3d.framework.Spherecollider",
			"scope": "instance",
			"description": "碰撞球数据",
			"version": "egret3d 1.0"
		},
		{
			"kind": "function",
			"type": "boolean",
			"name": "intersectsTransform",
			"memberof": "egret3d.framework.Spherecollider",
			"scope": "instance",
			"description": "检测碰撞",
			"version": "egret3d 1.0",
			"params": [
				{
					"name": "tran",
					"type": "egret3d.framework.Transform",
					"description": "目标transform"
				}
			]
		},
		{
			"kind": "function",
			"name": "start",
			"memberof": "egret3d.framework.Spherecollider",
			"scope": "instance"
		},
		{
			"kind": "function",
			"name": "update",
			"memberof": "egret3d.framework.Spherecollider",
			"scope": "instance",
			"params": [
				{
					"name": "delta",
					"type": "number",
					"description": ""
				}
			]
		}
	],
	"globalMember": [],
	"globalFunction": [],
	"class": {
		"kind": "class",
		"name": "Spherecollider",
		"memberof": "egret3d.framework",
		"filename": "framework\\component\\spherecollider.ts",
		"description": "球形碰撞盒组件",
		"version": "egret3d 1.0",
		"implements": [
			{
				"name": "egret3d.framework.INodeComponent"
			},
			{
				"name": "egret3d.framework.ICollider"
			}
		]
	}
}