{
	"member": [
		{
			"kind": "member",
			"type": "number",
			"name": "atlasHeight",
			"memberof": "egret3d.framework.Font",
			"scope": "instance"
		},
		{
			"kind": "member",
			"type": "number",
			"name": "atlasWidth",
			"memberof": "egret3d.framework.Font",
			"scope": "instance"
		},
		{
			"kind": "member",
			"type": "number",
			"name": "baseline",
			"memberof": "egret3d.framework.Font",
			"scope": "instance"
		},
		{
			"kind": "member",
			"type": "{[id:string]:egret3d.framework.Charinfo}",
			"name": "cmap",
			"memberof": "egret3d.framework.Font",
			"scope": "instance",
			"description": "字体信息map",
			"version": "egret3d 1.0"
		},
		{
			"kind": "member",
			"type": "boolean",
			"name": "defaultAsset",
			"memberof": "egret3d.framework.Font",
			"scope": "instance",
			"description": "是否为默认资源",
			"version": "egret3d 1.0"
		},
		{
			"kind": "member",
			"type": "string",
			"name": "fontname",
			"memberof": "egret3d.framework.Font",
			"scope": "instance"
		},
		{
			"kind": "member",
			"type": "number",
			"name": "lineHeight",
			"memberof": "egret3d.framework.Font",
			"scope": "instance"
		},
		{
			"kind": "member",
			"type": "number",
			"name": "padding",
			"memberof": "egret3d.framework.Font",
			"scope": "instance"
		},
		{
			"kind": "member",
			"type": "number",
			"name": "pointSize",
			"memberof": "egret3d.framework.Font",
			"scope": "instance"
		},
		{
			"kind": "member",
			"name": "texture",
			"memberof": "egret3d.framework.Font",
			"scope": "instance"
		}
	],
	"function": [
		{
			"kind": "function",
			"name": "Font",
			"memberof": "egret3d.framework.Font",
			"scope": "instance",
			"params": [
				{
					"name": "assetName",
					"type": "string",
					"default": "null",
					"description": ""
				}
			]
		},
		{
			"kind": "function",
			"name": "Parse",
			"memberof": "egret3d.framework.Font",
			"scope": "instance",
			"description": "解析资源",
			"version": "egret3d 1.0",
			"params": [
				{
					"name": "jsonStr",
					"type": "string",
					"description": "json数据"
				},
				{
					"name": "assetmgr",
					"type": "egret3d.framework.AssetMgr",
					"description": "资源管理实例"
				}
			]
		},
		{
			"kind": "function",
			"type": "number",
			"name": "caclByteLength",
			"memberof": "egret3d.framework.Font",
			"scope": "instance",
			"description": "计算资源字节大小",
			"version": "egret3d 1.0"
		},
		{
			"kind": "function",
			"name": "dispose",
			"memberof": "egret3d.framework.Font",
			"scope": "instance",
			"description": "释放资源",
			"version": "egret3d 1.0"
		},
		{
			"kind": "function",
			"type": "number",
			"name": "getGUID",
			"memberof": "egret3d.framework.Font",
			"scope": "instance",
			"description": "获取资源唯一id",
			"version": "egret3d 1.0"
		},
		{
			"kind": "function",
			"type": "string",
			"name": "getName",
			"memberof": "egret3d.framework.Font",
			"scope": "instance",
			"description": "获取资源名称",
			"version": "egret3d 1.0"
		},
		{
			"kind": "function",
			"name": "unuse",
			"memberof": "egret3d.framework.Font",
			"scope": "instance",
			"description": "引用计数减一",
			"version": "egret3d 1.0",
			"params": [
				{
					"name": "disposeNow",
					"type": "boolean",
					"default": "false",
					"description": ""
				}
			]
		},
		{
			"kind": "function",
			"name": "use",
			"memberof": "egret3d.framework.Font",
			"scope": "instance",
			"description": "引用计数加一",
			"version": "egret3d 1.0"
		}
	],
	"globalMember": [],
	"globalFunction": [],
	"class": {
		"kind": "class",
		"name": "Font",
		"memberof": "egret3d.framework",
		"filename": "framework\\asset\\resource\\font.ts",
		"description": "字体资源",
		"version": "egret3d 1.0",
		"implements": [
			{
				"name": "egret3d.framework.IAsset"
			}
		]
	}
}