{
	"member": [
		{
			"kind": "member",
			"type": "number",
			"name": "BOX",
			"memberof": "egret3d.framework.ParticleSystemShape",
			"scope": "static",
			"default": "1"
		},
		{
			"kind": "member",
			"type": "number",
			"name": "CIRCLE",
			"memberof": "egret3d.framework.ParticleSystemShape",
			"scope": "static",
			"default": "6"
		},
		{
			"kind": "member",
			"type": "number",
			"name": "CONE",
			"memberof": "egret3d.framework.ParticleSystemShape",
			"scope": "static",
			"default": "4"
		},
		{
			"kind": "member",
			"type": "number",
			"name": "EDGE",
			"memberof": "egret3d.framework.ParticleSystemShape",
			"scope": "static",
			"default": "5"
		},
		{
			"kind": "member",
			"type": "number",
			"name": "HEMISPHERE",
			"memberof": "egret3d.framework.ParticleSystemShape",
			"scope": "static",
			"default": "3"
		},
		{
			"kind": "member",
			"type": "number",
			"name": "NORMAL",
			"memberof": "egret3d.framework.ParticleSystemShape",
			"scope": "static",
			"default": "0"
		},
		{
			"kind": "member",
			"type": "number",
			"name": "SPHERE",
			"memberof": "egret3d.framework.ParticleSystemShape",
			"scope": "static",
			"default": "2"
		}
	],
	"function": [],
	"globalMember": [],
	"globalFunction": [],
	"class": {
		"kind": "enum",
		"name": "ParticleSystemShape",
		"memberof": "egret3d.framework",
		"filename": "framework\\particle\\data\\particlestartdata.ts",
		"description": "粒子初始方向类型"
	}
}