{
	"member": [
		{
			"kind": "member",
			"type": "number",
			"name": "default",
			"memberof": "egret3d.framework.CullingMask",
			"scope": "static",
			"default": "0x00000002"
		},
		{
			"kind": "member",
			"type": "number",
			"name": "editor",
			"memberof": "egret3d.framework.CullingMask",
			"scope": "static",
			"default": "0x00000004"
		},
		{
			"kind": "member",
			"type": "number",
			"name": "everything",
			"memberof": "egret3d.framework.CullingMask",
			"scope": "static",
			"default": "0xffffffff"
		},
		{
			"kind": "member",
			"type": "number",
			"name": "model",
			"memberof": "egret3d.framework.CullingMask",
			"scope": "static",
			"default": "0x00000008"
		},
		{
			"kind": "member",
			"type": "number",
			"name": "modelbeforeui",
			"memberof": "egret3d.framework.CullingMask",
			"scope": "static",
			"default": "0x00000008"
		},
		{
			"kind": "member",
			"type": "number",
			"name": "nothing",
			"memberof": "egret3d.framework.CullingMask",
			"scope": "static",
			"default": "0x00000000"
		},
		{
			"kind": "member",
			"type": "number",
			"name": "ui",
			"memberof": "egret3d.framework.CullingMask",
			"scope": "static",
			"default": "0x00000001"
		}
	],
	"function": [],
	"globalMember": [],
	"globalFunction": [],
	"class": {
		"kind": "enum",
		"name": "CullingMask",
		"memberof": "egret3d.framework",
		"filename": "framework\\component\\camera.ts",
		"description": "渲染层级枚举",
		"version": "egret3d 1.0"
	}
}