{
	"member": [
		{
			"kind": "member",
			"type": "number",
			"name": "Direction",
			"memberof": "egret3d.framework.LightTypeEnum",
			"scope": "static",
			"default": "0"
		},
		{
			"kind": "member",
			"type": "number",
			"name": "Point",
			"memberof": "egret3d.framework.LightTypeEnum",
			"scope": "static",
			"default": "1"
		},
		{
			"kind": "member",
			"type": "number",
			"name": "Spot",
			"memberof": "egret3d.framework.LightTypeEnum",
			"scope": "static",
			"default": "2"
		}
	],
	"function": [],
	"globalMember": [],
	"globalFunction": [],
	"class": {
		"kind": "enum",
		"name": "LightTypeEnum",
		"memberof": "egret3d.framework",
		"filename": "framework\\component\\light.ts"
	}
}