{
	"member": [
		{
			"kind": "member",
			"type": "egret3d.framework.GameObject",
			"name": "gameObject",
			"memberof": "egret3d.framework.INodeComponent",
			"scope": "instance"
		}
	],
	"function": [
		{
			"kind": "function",
			"name": "clone",
			"memberof": "egret3d.framework.INodeComponent",
			"scope": "instance"
		},
		{
			"kind": "function",
			"name": "remove",
			"memberof": "egret3d.framework.INodeComponent",
			"scope": "instance"
		},
		{
			"kind": "function",
			"name": "start",
			"memberof": "egret3d.framework.INodeComponent",
			"scope": "instance"
		},
		{
			"kind": "function",
			"name": "update",
			"memberof": "egret3d.framework.INodeComponent",
			"scope": "instance",
			"params": [
				{
					"name": "delta",
					"type": "number",
					"description": ""
				}
			]
		}
	],
	"globalMember": [],
	"globalFunction": [],
	"class": {
		"kind": "interface",
		"name": "INodeComponent",
		"memberof": "egret3d.framework",
		"filename": "framework\\scene\\gameobject.ts",
		"description": "组件实例接口",
		"version": "egret3d 1.0",
		"children": [
			"egret3d.framework.IRenderer"
		]
	}
}