{
	"member": [
		{
			"kind": "member",
			"type": "egret3d.framework.GameObject",
			"name": "gameObject",
			"memberof": "egret3d.framework.Guidpath",
			"scope": "instance",
			"description": "挂载的gameobject",
			"version": "egret3d 1.0"
		},
		{
			"kind": "member",
			"type": "boolean",
			"name": "isloop",
			"memberof": "egret3d.framework.Guidpath",
			"scope": "instance",
			"default": "false"
		},
		{
			"kind": "member",
			"type": "boolean",
			"name": "lookforward",
			"memberof": "egret3d.framework.Guidpath",
			"scope": "instance",
			"description": "挂载此组件的gameobject是否朝向前方",
			"version": "egret3d 1.0",
			"default": "false"
		},
		{
			"kind": "member",
			"type": "egret3d.framework.Pathasset",
			"name": "pathasset",
			"memberof": "egret3d.framework.Guidpath",
			"scope": "instance",
			"description": "设置路径组件需要的路径资源",
			"version": "egret3d 1.0"
		},
		{
			"kind": "member",
			"type": "number",
			"name": "speed",
			"memberof": "egret3d.framework.Guidpath",
			"scope": "instance",
			"description": "移动速度",
			"version": "egret3d 1.0",
			"default": "1"
		}
	],
	"function": [
		{
			"kind": "function",
			"name": "pause",
			"memberof": "egret3d.framework.Guidpath",
			"scope": "instance",
			"description": "暂停移动",
			"version": "egret3d 1.0"
		},
		{
			"kind": "function",
			"name": "play",
			"memberof": "egret3d.framework.Guidpath",
			"scope": "instance",
			"description": "按照路径开始移动",
			"version": "egret3d 1.0",
			"params": [
				{
					"name": "loopCount",
					"type": "number",
					"default": "1",
					"description": ""
				}
			]
		},
		{
			"kind": "function",
			"name": "replay",
			"memberof": "egret3d.framework.Guidpath",
			"scope": "instance",
			"description": "重新按照路径移动",
			"version": "egret3d 1.0",
			"params": [
				{
					"name": "loopCount",
					"type": "number",
					"default": "1",
					"description": ""
				}
			]
		},
		{
			"kind": "function",
			"name": "setpathasset",
			"memberof": "egret3d.framework.Guidpath",
			"scope": "instance",
			"description": "设置路径组件的需要的参数",
			"version": "egret3d 1.0",
			"params": [
				{
					"name": "pathasset",
					"type": "egret3d.framework.Pathasset",
					"description": "路径资源"
				},
				{
					"name": "speed",
					"type": "number",
					"default": "1",
					"description": "移动速度"
				},
				{
					"name": "oncomplete",
					"type": "()=>void",
					"default": "null",
					"description": "按照路径移动结束需要执行的事件"
				}
			]
		},
		{
			"kind": "function",
			"name": "start",
			"memberof": "egret3d.framework.Guidpath",
			"scope": "instance"
		},
		{
			"kind": "function",
			"name": "stop",
			"memberof": "egret3d.framework.Guidpath",
			"scope": "instance",
			"description": "停止移动",
			"version": "egret3d 1.0"
		},
		{
			"kind": "function",
			"name": "update",
			"memberof": "egret3d.framework.Guidpath",
			"scope": "instance",
			"params": [
				{
					"name": "delta",
					"type": "number",
					"description": ""
				}
			]
		}
	],
	"globalMember": [],
	"globalFunction": [],
	"class": {
		"kind": "class",
		"name": "Guidpath",
		"memberof": "egret3d.framework",
		"filename": "framework\\component\\guidpath.ts",
		"description": "路径组件",
		"version": "egret3d 1.0",
		"implements": [
			{
				"name": "egret3d.framework.INodeComponent"
			}
		]
	}
}