{
	"member": [],
	"function": [
		{
			"kind": "function",
			"type": "boolean",
			"name": "isClosed",
			"memberof": "egret3d.framework.IEditorCode",
			"scope": "instance"
		},
		{
			"kind": "function",
			"name": "onStart",
			"memberof": "egret3d.framework.IEditorCode",
			"scope": "instance",
			"params": [
				{
					"name": "app",
					"type": "egret3d.framework.Application",
					"description": ""
				}
			]
		},
		{
			"kind": "function",
			"name": "onUpdate",
			"memberof": "egret3d.framework.IEditorCode",
			"scope": "instance",
			"description": "//以秒为单位的间隔",
			"params": [
				{
					"name": "delta",
					"type": "number",
					"description": ""
				}
			]
		}
	],
	"globalMember": [],
	"globalFunction": [],
	"class": {
		"kind": "interface",
		"name": "IEditorCode",
		"memberof": "egret3d.framework",
		"filename": "framework\\application.ts",
		"description": "editorcode接口",
		"version": "egret3d 1.0"
	}
}