{
	"member": [
		{
			"kind": "member",
			"type": "GainNode",
			"name": "gainNode",
			"memberof": "egret3d.framework.AudioChannel",
			"scope": "instance"
		},
		{
			"kind": "member",
			"type": "boolean",
			"name": "isplay",
			"memberof": "egret3d.framework.AudioChannel",
			"scope": "instance"
		},
		{
			"kind": "member",
			"type": "PannerNode",
			"name": "pannerNode",
			"memberof": "egret3d.framework.AudioChannel",
			"scope": "instance"
		},
		{
			"kind": "member",
			"type": "AudioBufferSourceNode",
			"name": "source",
			"memberof": "egret3d.framework.AudioChannel",
			"scope": "instance"
		},
		{
			"kind": "member",
			"type": "number",
			"name": "volume",
			"memberof": "egret3d.framework.AudioChannel",
			"scope": "instance",
			"description": "获取音量大小",
			"version": "egret3d 1.0"
		}
	],
	"function": [
		{
			"kind": "function",
			"name": "stop",
			"memberof": "egret3d.framework.AudioChannel",
			"scope": "instance",
			"description": "停止播放声音",
			"version": "egret3d 1.0"
		}
	],
	"globalMember": [],
	"globalFunction": [],
	"class": {
		"kind": "class",
		"name": "AudioChannel",
		"memberof": "egret3d.framework",
		"filename": "framework\\audio\\audioex.ts"
	}
}