{
  "skins": {
    "eui.Button": "resource/eui_skins/ButtonSkin.exml",
    "eui.CheckBox": "resource/eui_skins/CheckBoxSkin.exml",
    "eui.HScrollBar": "resource/eui_skins/HScrollBarSkin.exml",
    "eui.HSlider": "resource/eui_skins/HSliderSkin.exml",
    "eui.Panel": "resource/eui_skins/PanelSkin.exml",
    "eui.TextInput": "resource/eui_skins/TextInputSkin.exml",
    "eui.ProgressBar": "resource/eui_skins/ProgressBarSkin.exml",
    "eui.RadioButton": "resource/eui_skins/RadioButtonSkin.exml",
    "eui.Scroller": "resource/eui_skins/ScrollerSkin.exml",
    "eui.ToggleSwitch": "resource/eui_skins/ToggleSwitchSkin.exml",
    "eui.VScrollBar": "resource/eui_skins/VScrollBarSkin.exml",
    "eui.VSlider": "resource/eui_skins/VSliderSkin.exml",
    "eui.ItemRenderer": "resource/eui_skins/ItemRendererSkin.exml",
    "eui.Rocker": "resource/eui_skins/RockerSkin.exml"
  },
  "autoGenerateExmlsList": true,
  "exmls": [
    "resource/eui_skins/ButtonSkin.exml",
    "resource/eui_skins/CheckBoxSkin.exml",
    "resource/eui_skins/HScrollBarSkin.exml",
    "resource/eui_skins/HSliderSkin.exml",
    "resource/eui_skins/ItemRendererSkin.exml",
    "resource/eui_skins/PanelSkin.exml",
    "resource/eui_skins/ProgressBarSkin.exml",
    "resource/eui_skins/RadioButtonSkin.exml",
    "resource/eui_skins/RockerSkin.exml",
    "resource/eui_skins/ScrollerSkin.exml",
    "resource/eui_skins/TextInputSkin.exml",
    "resource/eui_skins/ToggleSwitchSkin.exml",
    "resource/eui_skins/VScrollBarSkin.exml",
    "resource/eui_skins/VSliderSkin.exml",
    "resource/eui_skins/custom/CreateRoleSkin.exml",
    "resource/eui_skins/custom/EditButtonSkin.exml",
    "resource/eui_skins/custom/ElementSkin.exml",
    "resource/eui_skins/custom/ElfCardSkin.exml",
    "resource/eui_skins/custom/ElfDetailSkin.exml",
    "resource/eui_skins/custom/ElfInfoSkin.exml",
    "resource/eui_skins/custom/ElfLevelSkin.exml",
    "resource/eui_skins/custom/ElfNameSkin.exml",
    "resource/eui_skins/custom/ElfSelectSkin.exml",
    "resource/eui_skins/custom/SkillIconSkin.exml",
    "resource/eui_skins/custom/SkillInfoSkin.exml",
    "resource/eui_skins/custom/SkillDescSkin.exml",
    "resource/eui_skins/custom/SkillDetailSkin.exml",
    "resource/eui_skins/custom/SkillLookupSkin.exml",
    "resource/eui_skins/custom/MainSceneSkin.exml"
  ]
}