{
	"groups": [
		{
			"keys": "checkbox_select_disabled_png,checkbox_select_down_png,checkbox_select_up_png,checkbox_unselect_png,selected_png,border_png,header_png,radiobutton_select_disabled_png,radiobutton_select_down_png,radiobutton_select_up_png,radiobutton_unselect_png,roundthumb_png,thumb_png,track_png,tracklight_png,handle_png,off_png,on_png,thumb_pb_png,track_pb_png,track_sb_png,egret_icon_png,description_json,rocker_bg,rocker_ctrl,up_proto,down_proto,common_proto,elf_main_bg_png,elf_role_bg_png,button_up_png,button_down_png,FireElement_jpg,Golem_jpg,WaterElement_jpg,FireElement_png,Golem_png,WaterElement_png,hero_frame_png,skill_frame_png,cs79_png,cs80_png,s30_jpg,s32_jpg,s33_jpg,s152_jpg,s293_jpg,s832_jpg,s833_jpg,s920_jpg,s922_jpg,s923_jpg,s924_jpg,s925_jpg,earth_png,fire_png,edit_button_png,hero_frame_selected_png,hero_frame3_png,water_png",
			"name": "preload"
		}
	],
	"resources": [
		{
			"url": "assets/CheckBox/checkbox_select_disabled.png",
			"type": "image",
			"name": "checkbox_select_disabled_png"
		},
		{
			"url": "assets/CheckBox/checkbox_select_down.png",
			"type": "image",
			"name": "checkbox_select_down_png"
		},
		{
			"url": "assets/CheckBox/checkbox_select_up.png",
			"type": "image",
			"name": "checkbox_select_up_png"
		},
		{
			"url": "assets/CheckBox/checkbox_unselect.png",
			"type": "image",
			"name": "checkbox_unselect_png"
		},
		{
			"url": "assets/ItemRenderer/selected.png",
			"type": "image",
			"name": "selected_png"
		},
		{
			"url": "assets/Panel/border.png",
			"type": "image",
			"name": "border_png"
		},
		{
			"url": "assets/Panel/header.png",
			"type": "image",
			"name": "header_png"
		},
		{
			"url": "assets/RadioButton/radiobutton_select_disabled.png",
			"type": "image",
			"name": "radiobutton_select_disabled_png"
		},
		{
			"url": "assets/RadioButton/radiobutton_select_down.png",
			"type": "image",
			"name": "radiobutton_select_down_png"
		},
		{
			"url": "assets/RadioButton/radiobutton_select_up.png",
			"type": "image",
			"name": "radiobutton_select_up_png"
		},
		{
			"url": "assets/RadioButton/radiobutton_unselect.png",
			"type": "image",
			"name": "radiobutton_unselect_png"
		},
		{
			"url": "assets/ScrollBar/roundthumb.png",
			"type": "image",
			"name": "roundthumb_png"
		},
		{
			"url": "assets/Slider/thumb.png",
			"type": "image",
			"name": "thumb_png"
		},
		{
			"url": "assets/Slider/track.png",
			"type": "image",
			"name": "track_png"
		},
		{
			"url": "assets/Slider/tracklight.png",
			"type": "image",
			"name": "tracklight_png"
		},
		{
			"url": "assets/ToggleSwitch/handle.png",
			"type": "image",
			"name": "handle_png"
		},
		{
			"url": "assets/ToggleSwitch/off.png",
			"type": "image",
			"name": "off_png"
		},
		{
			"url": "assets/ToggleSwitch/on.png",
			"type": "image",
			"name": "on_png"
		},
		{
			"url": "assets/ProgressBar/thumb_pb.png",
			"type": "image",
			"name": "thumb_pb_png"
		},
		{
			"url": "assets/ProgressBar/track_pb.png",
			"type": "image",
			"name": "track_pb_png"
		},
		{
			"url": "assets/ScrollBar/track_sb.png",
			"type": "image",
			"name": "track_sb_png"
		},
		{
			"url": "assets/egret_icon.png",
			"type": "image",
			"name": "egret_icon_png"
		},
		{
			"url": "config/description.json",
			"type": "json",
			"name": "description_json"
		},
		{
			"url": "assets/Rocker/rocker_background.png",
			"type": "image",
			"name": "rocker_bg"
		},
		{
			"url": "assets/Rocker/rocker_control.png",
			"type": "image",
			"name": "rocker_ctrl"
		},
		{
			"url": "assets/csproto/common.proto",
			"type": "text",
			"name": "common_proto"
		},
		{
			"url": "assets/csproto/down.proto",
			"type": "text",
			"name": "down_proto"
		},
		{
			"url": "assets/csproto/up.proto",
			"type": "text",
			"name": "up_proto"
		},
		{
			"url": "assets/elf_main_bg.png",
			"type": "image",
			"name": "elf_main_bg_png"
		},
		{
			"url": "assets/elf_role_bg.png",
			"type": "image",
			"name": "elf_role_bg_png"
		},
		{
			"url": "assets/Button/button_down.png",
			"type": "image",
			"name": "button_down_png",
			"scale9grid": "20,20,80,34"
		},
		{
			"url": "assets/Button/button_up.png",
			"type": "image",
			"name": "button_up_png"
		},
		{
			"url": "assets/ElfIcon/FireElement.jpg",
			"type": "image",
			"name": "FireElement_jpg"
		},
		{
			"url": "assets/ElfIcon/Golem.jpg",
			"type": "image",
			"name": "Golem_jpg"
		},
		{
			"url": "assets/ElfIcon/WaterElement.jpg",
			"type": "image",
			"name": "WaterElement_jpg"
		},
		{
			"url": "assets/ElfCard/FireElement.png",
			"type": "image",
			"name": "FireElement_png"
		},
		{
			"url": "assets/ElfCard/Golem.png",
			"type": "image",
			"name": "Golem_png"
		},
		{
			"url": "assets/ElfCard/WaterElement.png",
			"type": "image",
			"name": "WaterElement_png"
		},
		{
			"url": "assets/ElfFrame/hero_frame.png",
			"type": "image",
			"name": "hero_frame_png"
		},
		{
			"url": "assets/Skill/skill_frame.png",
			"type": "image",
			"name": "skill_frame_png"
		},
		{
			"url": "assets/Skill/cs79.png",
			"type": "image",
			"name": "cs79_png"
		},
		{
			"url": "assets/Skill/cs80.png",
			"type": "image",
			"name": "cs80_png"
		},
		{
			"url": "assets/Skill/s30.jpg",
			"type": "image",
			"name": "s30_jpg"
		},
		{
			"url": "assets/Skill/s32.jpg",
			"type": "image",
			"name": "s32_jpg"
		},
		{
			"url": "assets/Skill/s33.jpg",
			"type": "image",
			"name": "s33_jpg"
		},
		{
			"url": "assets/Skill/s152.jpg",
			"type": "image",
			"name": "s152_jpg"
		},
		{
			"url": "assets/Skill/s293.jpg",
			"type": "image",
			"name": "s293_jpg"
		},
		{
			"url": "assets/Skill/s832.jpg",
			"type": "image",
			"name": "s832_jpg"
		},
		{
			"url": "assets/Skill/s833.jpg",
			"type": "image",
			"name": "s833_jpg"
		},
		{
			"url": "assets/Skill/s920.jpg",
			"type": "image",
			"name": "s920_jpg"
		},
		{
			"url": "assets/Skill/s922.jpg",
			"type": "image",
			"name": "s922_jpg"
		},
		{
			"url": "assets/Skill/s923.jpg",
			"type": "image",
			"name": "s923_jpg"
		},
		{
			"url": "assets/Skill/s924.jpg",
			"type": "image",
			"name": "s924_jpg"
		},
		{
			"url": "assets/Skill/s925.jpg",
			"type": "image",
			"name": "s925_jpg"
		},
		{
			"url": "assets/Element/earth.png",
			"type": "image",
			"name": "earth_png"
		},
		{
			"url": "assets/Element/fire.png",
			"type": "image",
			"name": "fire_png"
		},
		{
			"url": "assets/Button/edit_button.png",
			"type": "image",
			"name": "edit_button_png"
		},
		{
			"url": "assets/ElfFrame/hero_frame_selected.png",
			"type": "image",
			"name": "hero_frame_selected_png"
		},
		{
			"url": "assets/ElfFrame/hero_frame3.png",
			"type": "image",
			"name": "hero_frame3_png"
		},
		{
			"url": "assets/Element/water.png",
			"type": "image",
			"name": "water_png"
		}
	]
}