{
  "native": {
    "path_ignore": []
  },
  "publish": {
    "web": 0,
    "native": 1,
    "path": "bin-release"
  },
  "egret_version": "5.0.12",
  "template": {},
  "eui": {
    "exmlRoot": [
      "resource/eui_skins"
    ],
    "themes": [
      "resource/default.thm.json"
    ],
    "exmlPublishPolicy": "content"
  },
  "modules": [
    {
      "name": "egret"
    },
    {
      "name": "game"
    },
    {
      "name": "res"
    },
    {
      "name": "eui"
    },
    {
      "name": "tween"
    },
    {
      "name": "socket"
    },
    {
      "name": "promise",
      "path": "./promise"
    },
    {
      "name": "protobuf_lib",
      "path": "./protobuf_lib"
    }
  ]
}